paper_id,C_Citation,H_Authors,N_Article Title,P_Performance,Q_Learning Algorithm,S_Data Modality,T_Publication Year
paper_001,"@article{sa2016deepfruits,
  title={Deepfruits: A fruit detection system using deep neural networks},
  author={Sa, Inkyu and Ge, Zongyuan and Dayoub, Feras and Upcroft, Ben and Perez, Tristan and McCool, Chris},
  journal={sensors},
  volume={16},
  number={8},
  pages={1222},
  year={2016},
  publisher={MDPI}
}","Sa, I; Ge, ZY; Dayoub, F; Upcroft, B; Perez, T; McCool, C",DeepFruits: A Fruit Detection System Using Deep Neural Networks,Recall performances improving from 0.807 to 0.838 for the detection of sweet pepper.,"Faster R-CNN
transfer learning","RGB,NIR",2016
paper_002,"@article{bac2014harvesting,
  title={Harvesting robots for high-value crops: State-of-the-art review and challenges ahead},
  author={Bac, C Wouter and Van Henten, Eldert J and Hemming, Jochen and Edan, Yael},
  journal={Journal of field robotics},
  volume={31},
  number={6},
  pages={888--911},
  year={2014},
  publisher={Wiley Online Library}
}","Bac, CW; van Henten, EJ; Hemming, J; Edan, Y",Harvesting Robots for High-value Crops: State-of-the-art Review and Challenges Ahead,"localization success was 85%, detachment success was 75%, harvest success was 66%, fruit damage was 5%, peduncle damage was 45%, and cycle time was 33 s",,,2014
paper_003,"@article{gongal2015sensors,
  title={Sensors and systems for fruit detection and localization: A review},
  author={Gongal, Aleana and Amatya, Suraj and Karkee, Manoj and Zhang, Qin and Lewis, Karen},
  journal={Computers and Electronics in Agriculture},
  volume={116},
  pages={8--19},
  year={2015},
  publisher={Elsevier}
}","Gongal, A; Amatya, S; Karkee, M; Zhang, Q; Lewis, K",Sensors and systems for fruit detection and localization: A review,,,,2015
paper_004,"@article{yu2019fruit,
  title={Fruit detection for strawberry harvesting robot in non-structural environment based on Mask-RCNN},
  author={Yu, Yang and Zhang, Kailiang and Yang, Li and Zhang, Dongxing},
  journal={Computers and Electronics in Agriculture},
  volume={163},
  pages={104846},
  year={2019},
  publisher={Elsevier}
}","Yu, Y; Zhang, KL; Yang, L; Zhang, DX",Fruit detection for strawberry harvesting robot in non-structural environment based on Mask-RCNN,"An average detection precision rate of 95.78%, the recall rate was 95.41%.","Mask-RCNN,Resnet50 backbone",,2019
paper_005,"@article{rahnemoonfar2017deep,
  title={Deep count: fruit counting based on deep simulated learning},
  author={Rahnemoonfar, Maryam and Sheppard, Clay},
  journal={Sensors},
  volume={17},
  number={4},
  pages={905},
  year={2017},
  publisher={MDPI}
}","Rahnemoonfar, M; Sheppard, C",Deep Count: Fruit Counting Based on Deep Simulated Learning,a 91% average test accuracy on real images and 93% on synthetic images.,Inception-ResNet,,2017
paper_006,"@article{tang2020recognition,
  title={Recognition and localization methods for vision-based fruit picking robots: A review},
  author={Tang, Yunchao and Chen, Mingyou and Wang, Chenglin and Luo, Lufeng and Li, Jinhui and Lian, Guoping and Zou, Xiangjun},
  journal={Frontiers in Plant Science},
  volume={11},
  pages={510},
  year={2020},
  publisher={Frontiers Media SA}
}","Tang, YC; Chen, MY; Wang, CL; Luo, LF; Li, JH; Lian, GP; Zou, XJ",Recognition and Localization Methods for Vision-Based Fruit Picking Robots: A Review,,,,2020
paper_007,"@article{wan2020faster,
  title={Faster R-CNN for multi-class fruit detection using a robotic vision system},
  author={Wan, Shaohua and Goudos, Sotirios},
  journal={Computer Networks},
  volume={168},
  pages={107036},
  year={2020},
  publisher={Elsevier}
}","Wan, SH; Goudos, S",Faster R-CNN for multi-class fruit detection using a robotic vision system,,"Faster R-CNN
transfer learning",,2020
paper_008,"@article{zhao2016review,
  title={A review of key techniques of vision-based control for harvesting robot},
  author={Zhao, Yuanshen and Gong, Liang and Huang, Yixiang and Liu, Chengliang},
  journal={Computers and Electronics in Agriculture},
  volume={127},
  pages={311--323},
  year={2016},
  publisher={Elsevier}
}","Zhao, YS; Gong, L; Huang, YX; Liu, CL",A review of key techniques of vision-based control for harvesting robot,,,,2016
paper_009,"@article{r2018research,
  title={Research and development in agricultural robotics: A perspective of digital farming},
  author={R Shamshiri, Redmond and Weltzien, Cornelia and Hameed, Ibrahim A and J Yule, Ian and E Grift, Tony and Balasundram, Siva K and Pitonakova, Lenka and Ahmad, Desa and Chowdhary, Girish},
  year={2018},
  publisher={Chinese Society of Agricultural Engineering}
}","Shamshiri, RR; Weltzien, C; Hameed, IA; Yule, IJ; Grift, TE; Balasundram, SK; Pitonakova, L; Ahmad, D; Chowdhary, G",Research and development in agricultural robotics: A perspective of digital farming,,,,2018
paper_010,"@article{liu2020yolo,
  title={YOLO-tomato: A robust algorithm for tomato detection based on YOLOv3},
  author={Liu, Guoxu and Nouaze, Joseph Christian and Touko Mbouembe, Philippe Lyonel and Kim, Jae Ho},
  journal={Sensors},
  volume={20},
  number={7},
  pages={2145},
  year={2020},
  publisher={MDPI}
}","Liu, GX; Nouaze, JC; Mbouembe, PLT; Kim, JH",YOLO-Tomato: A Robust Algorithm for Tomato Detection Based on YOLOv3,,YOLOv3,,2020
paper_011,"@article{silwal2017design,
  title={Design, integration, and field evaluation of a robotic apple harvester},
  author={Silwal, Abhisesh and Davidson, Joseph R and Karkee, Manoj and Mo, Changki and Zhang, Qin and Lewis, Karen},
  journal={Journal of Field Robotics},
  volume={34},
  number={6},
  pages={1140--1159},
  year={2017},
  publisher={Wiley Online Library}
}","Silwal, A; Davidson, JR; Karkee, M; Mo, CK; Zhang, Q; Lewis, K","Design, integration, and field evaluation of a robotic apple harvester","Localization time of 1.5s, a picking time of 6s; a success pick rate of 84%.",,,2017
paper_012,"@article{arad2020development,
  title={Development of a sweet pepper harvesting robot},
  author={Arad, Boaz and Balendonck, Jos and Barth, Ruud and Ben-Shahar, Ohad and Edan, Yael and Hellstr{\""o}m, Thomas and Hemming, Jochen and Kurtser, Polina and Ringdahl, Ola and Tielen, Toon and others},
  journal={Journal of Field Robotics},
  volume={37},
  number={6},
  pages={1027--1039},
  year={2020},
  publisher={Wiley Online Library}
}","Arad, B; Balendonck, J; Barth, R; Ben-Shahar, O; Edan, Y; Hellstr?m, T; Hemming, J; Kurtser, P; Ringdahl, O; Tielen, T; van Tuijl, B",Development of a sweet pepper harvesting robot,Picking time of 24s and 15s in field and lab respectively; a success rate of 61\%,,RGB-D,2020
paper_013,"@article{xiong2020autonomous,
  title={An autonomous strawberry-harvesting robot: Design, development, integration, and field evaluation},
  author={Xiong, Ya and Ge, Yuanyue and Grimstad, Lars and From, P{\aa}l J},
  journal={Journal of Field Robotics},
  volume={37},
  number={2},
  pages={202--224},
  year={2020},
  publisher={Wiley Online Library}
}","Xiong, Y; Ge, YY; Grimstad, L; From, PJ","An autonomous strawberry-harvesting robot: Design, development, integration, and field evaluation","picking time of 4.6s, a success rate from 75\% to 100\%.",,,2020
paper_014,"@article{jia2020detection,
  title={Detection and segmentation of overlapped fruits based on optimized mask R-CNN application in apple harvesting robot},
  author={Jia, Weikuan and Tian, Yuyu and Luo, Rong and Zhang, Zhonghua and Lian, Jian and Zheng, Yuanjie},
  journal={Computers and Electronics in Agriculture},
  volume={172},
  pages={105380},
  year={2020},
  publisher={Elsevier}
}","Jia, WK; Tian, YY; Luo, R; Zhang, ZH; Lian, J; Zheng, YJ",Detection and segmentation of overlapped fruits based on optimized mask R-CNN application in apple harvesting robot,"The Precision Rate has reached 97.31%, and the Recall Rate has reached 95.70%.",Mask-RCNN,,2020
paper_015,"@article{williams2019robotic,
  title={Robotic kiwifruit harvesting using machine vision, convolutional neural networks, and robotic arms},
  author={Williams, Henry AM and Jones, Mark H and Nejati, Mahla and Seabright, Matthew J and Bell, Jamie and Penhall, Nicky D and Barnett, Josh J and Duke, Mike D and Scarfe, Alistair J and Ahn, Ho Seok and others},
  journal={biosystems engineering},
  volume={181},
  pages={140--156},
  year={2019},
  publisher={Elsevier}
}","Williams, HAM; Jones, MH; Nejati, M; Seabright, MJ; Bell, J; Penhall, ND; Barnett, JJ; Duke, MD; Scarfe, AJ; Ahn, HS; Lim, J; MacDonald, BA","Robotic kiwifruit harvesting using machine vision, convolutional neural networks, and robotic arms","picking time of 5.5s, a success rate of 51\%.",deep neural networks,3D,2019
paper_016,"@article{lawal2021tomato,
  title={Tomato detection based on modified YOLOv3 framework},
  author={Lawal, Mubashiru Olarewaju},
  journal={Scientific Reports},
  volume={11},
  number={1},
  pages={1--11},
  year={2021},
  publisher={Nature Publishing Group}
}","Lawal, MO",Tomato detection based on modified YOLOv3 framework,"picking time of 44ms, a success rate of over 98\%.",YOLOv3,,2021
paper_017,"@article{vasconez2019human,
  title={Human--robot interaction in agriculture: A survey and current challenges},
  author={Vasconez, Juan P and Kantor, George A and Cheein, Fernando A Auat},
  journal={Biosystems engineering},
  volume={179},
  pages={35--48},
  year={2019},
  publisher={Elsevier}
}","Vasconez, JP; Kantor, GA; Cheein, FAA",Human-robot interaction in agriculture: A survey and current challenges,,,,2019
paper_018,"@article{mehta2014vision,
  title={Vision-based control of robotic manipulator for citrus harvesting},
  author={Mehta, SS and Burks, TF},
  journal={Computers and electronics in agriculture},
  volume={102},
  pages={146--158},
  year={2014},
  publisher={Elsevier}
}","Mehta, SS; Burks, TF",Vision-based control of robotic manipulator for citrus harvesting,accuracy of controller is 15mm,,3D,2014
paper_019,"@article{xiong2019development,
  title={Development and field evaluation of a strawberry harvesting robot with a cable-driven gripper},
  author={Xiong, Ya and Peng, Cheng and Grimstad, Lars and From, P{\aa}l Johan and Isler, Volkan},
  journal={Computers and electronics in agriculture},
  volume={157},
  pages={392--402},
  year={2019},
  publisher={Elsevier}
}","Xiong, Y; Peng, C; Grimstad, L; From, PJ; Isler, V",Development and field evaluation of a strawberry harvesting robot with a cable-driven gripper,"picking time of 7.5s, a success rate of 59\% in cluster.",,RGB-D,2019
paper_020,"@article{lehnert2017autonomous,
  title={Autonomous sweet pepper harvesting for protected cropping systems},
  author={Lehnert, Christopher and English, Andrew and McCool, Christopher and Tow, Adam W and Perez, Tristan},
  journal={IEEE Robotics and Automation Letters},
  volume={2},
  number={2},
  pages={872--879},
  year={2017},
  publisher={IEEE}
}","Lehnert, C; English, A; McCool, C; Tow, AW; Perez, T",Autonomous Sweet Pepper Harvesting for Protected Cropping Systems,"the success rate of 46\%,58\%,90\% in unmodified, modified and favorable cultivar respectively.",,,2017
paper_021,"@article{bajwa2015nonconventional,
  title={Nonconventional weed management strategies for modern agriculture},
  author={Bajwa, Ali A and Mahajan, Gulshan and Chauhan, Bhagirath S},
  journal={Weed science},
  volume={63},
  number={4},
  pages={723--747},
  year={2015},
  publisher={Cambridge University Press}
}","Bajwa, AA; Mahajan, G; Chauhan, BS",Nonconventional Weed Management Strategies for Modern Agriculture,,,,2015
paper_022,"@article{lu2020survey,
  title={A survey of public datasets for computer vision tasks in precision agriculture},
  author={Lu, Yuzhen and Young, Sierra},
  journal={Computers and Electronics in Agriculture},
  volume={178},
  pages={105760},
  year={2020},
  publisher={Elsevier}
}","Lu, YZ; Young, S",A survey of public datasets for computer vision tasks in precision agriculture,,,,2020
paper_023,"@article{bac2017performance,
  title={Performance evaluation of a harvesting robot for sweet pepper},
  author={Bac, C Wouter and Hemming, Jochen and Van Tuijl, BAJ and Barth, Ruud and Wais, Ehud and van Henten, Eldert J},
  journal={Journal of Field Robotics},
  volume={34},
  number={6},
  pages={1123--1139},
  year={2017},
  publisher={Wiley Online Library}
}","Bac, CW; Hemming, J; van Tuijl, BAJ; Barth, R; Wais, E; van Henten, EJ",Performance Evaluation of a Harvesting Robot for Sweet Pepper,26\% and 33\% with two end-effector respectively.,,,2017
paper_024,"@article{mavridou2019machine,
  title={Machine vision systems in precision agriculture for crop farming},
  author={Mavridou, Efthimia and Vrochidou, Eleni and Papakostas, George A and Pachidis, Theodore and Kaburlasos, Vassilis G},
  journal={Journal of Imaging},
  volume={5},
  number={12},
  pages={89},
  year={2019},
  publisher={MDPI}
}","Mavridou, E; Vrochidou, E; Papakostas, GA; Pachidis, T; Kaburlasos, VG",Machine Vision Systems in Precision Agriculture for Crop Farming,,,,2019
paper_025,"@article{fountas2020agricultural,
  title={Agricultural robotics for field operations},
  author={Fountas, Spyros and Mylonas, Nikos and Malounas, Ioannis and Rodias, Efthymios and Hellmann Santos, Christoph and Pekkeriet, Erik},
  journal={Sensors},
  volume={20},
  number={9},
  pages={2672},
  year={2020},
  publisher={MDPI}
}","Fountas, S; Mylonas, N; Malounas, I; Rodias, E; Santos, CH; Pekkeriet, E",Agricultural Robotics for Field Operations,,,,2020
paper_026,"@article{oliveira2021advances,
  title={Advances in agriculture robotics: A state-of-the-art review and challenges ahead},
  author={Oliveira, Luiz FP and Moreira, Ant{\'o}nio P and Silva, Manuel F},
  journal={Robotics},
  volume={10},
  number={2},
  pages={52},
  year={2021},
  publisher={MDPI}
}","Oliveira, LFP; Moreira, AP; Silva, MF",Advances in Agriculture Robotics: A State-of-the-Art Review and Challenges Ahead,,,,2021
paper_027,"@article{underwood2016mapping,
  title={Mapping almond orchard canopy volume, flowers, fruit and yield using lidar and vision sensors},
  author={Underwood, James P and Hung, Calvin and Whelan, Brett and Sukkarieh, Salah},
  journal={Computers and electronics in agriculture},
  volume={130},
  pages={83--96},
  year={2016},
  publisher={Elsevier}
}","Underwood, JP; Hung, C; Whelan, B; Sukkarieh, S","Mapping almond orchard canopy volume, flowers, fruit and yield using lidar and vision sensors",,,3D,2016
paper_028,"@article{marinoudi2019robotics,
  title={Robotics and labour in agriculture. A context consideration},
  author={Marinoudi, Vasso and S{\o}rensen, Claus G and Pearson, Simon and Bochtis, Dionysis},
  journal={Biosystems Engineering},
  volume={184},
  pages={111--121},
  year={2019},
  publisher={Elsevier}
}","Marinoudi, V; Sorensen, CG; Pearson, S; Bochtis, D",Robotics and labour in agriculture. A context consideration,,,,2019
paper_029,"@article{fu2020faster,
  title={Faster R--CNN--based apple detection in dense-foliage fruiting-wall trees using RGB and depth features for robotic harvesting},
  author={Fu, Longsheng and Majeed, Yaqoob and Zhang, Xin and Karkee, Manoj and Zhang, Qin},
  journal={Biosystems Engineering},
  volume={197},
  pages={245--256},
  year={2020},
  publisher={Elsevier}
}","Fu, LS; Majeed, Y; Zhang, X; Karkee, M; Zhang, Q",Faster R-CNN-based apple detection in dense-foliage fruiting-wall trees using RGB and depth features for robotic harvesting,a precision of 0.893,Faster R-CNN,Kinect V2 sensor,2020
paper_030,"@article{gai2023detection,
  title={A detection algorithm for cherry fruits based on the improved YOLO-v4 model},
  author={Gai, Rongli and Chen, Na and Yuan, Hai},
  journal={Neural Computing and Applications},
  volume={35},
  number={19},
  pages={13895--13906},
  year={2023},
  publisher={Springer}
}","Gai, RL; Chen, N; Yuan, H",A detection algorithm for cherry fruits based on the improved YOLO-v4 model,an accuracy of 0.15 higher than that of YOLOv4,improved YOLOv4,,2023
paper_031,"@article{kuznetsova2020using,
  title={Using YOLOv3 algorithm with pre-and post-processing for apple detection in fruit-harvesting robot},
  author={Kuznetsova, Anna and Maleva, Tatiana and Soloviev, Vladimir},
  journal={Agronomy},
  volume={10},
  number={7},
  pages={1016},
  year={2020},
  publisher={MDPI}
}","Kuznetsova, A; Maleva, T; Soloviev, V",Using YOLOv3 Algorithm with Pre- and Post-Processing for Apple Detection in Fruit-Harvesting Robot,a detecion time of 19ms and error rate of 7.8\% in mistake and 9.2\% in unrecognization.,YOLOv3,,2020
paper_032,"@article{kang2020fruit,
  title={Fruit detection, segmentation and 3D visualisation of environments in apple orchards},
  author={Kang, Hanwen and Chen, Chao},
  journal={Computers and Electronics in Agriculture},
  volume={171},
  pages={105302},
  year={2020},
  publisher={Elsevier}
}","Kang, HW; Chen, C","Fruit detection, segmentation and 3D visualisation of environments in apple orchards","DaSNet-v2 with resnet-18 achieves 0.85, 0.87 and 0.866 on recall and precision of detection, and accuracy of instance segmentation on fruits, and 0.775 on the accuracy of branches segmentation, respectively.",DaSNet-v2,3D,2020
paper_033,"@article{lin2020color,
  title={Color-, depth-, and shape-based 3D fruit detection},
  author={Lin, Guichao and Tang, Yunchao and Zou, Xiangjun and Xiong, Juntao and Fang, Yamei},
  journal={Precision Agriculture},
  volume={21},
  pages={1--17},
  year={2020},
  publisher={Springer}
}","Lin, GH; Tang, YH; Zou, XJ; Xiong, JT; Fang, YM","Color-, depth-, and shape-based 3D fruit detection","For the pepper, eggplant, and guava datasets, the detection precision was 0.864, 0.886, and 0.888, and the recall was 0.889, 0.762, and 0.812, respectively.",SVM,3D,2020
paper_034,"@article{barth2018data,
  title={Data synthesis methods for semantic segmentation in agriculture: A Capsicum annuum dataset},
  author={Barth, Ruud and IJsselmuiden, Joris and Hemming, Jochen and Van Henten, Eldert J},
  journal={Computers and electronics in agriculture},
  volume={144},
  pages={284--296},
  year={2018},
  publisher={Elsevier}
}","Barth, R; IJsselmuiden, J; Hemming, J; Van Henten, EJ",Data synthesis methods for semantic segmentation in agriculture: A Capsicum annuum dataset,,,3D,2018
paper_035,"@article{nguyen2016detection,
  title={Detection of red and bicoloured apples on tree with an RGB-D camera},
  author={Nguyen, Tien Thanh and Vandevoorde, Koenraad and Wouters, Niels and Kayacan, Erdal and De Baerdemaeker, Josse G and Saeys, Wouter},
  journal={Biosystems Engineering},
  volume={146},
  pages={33--44},
  year={2016},
  publisher={Elsevier}
}","Nguyen, TT; Vandevoorde, K; Wouters, N; Kayacan, E; De Baerdemaeker, JG; Saeys, W",Detection of red and bicoloured apples on tree with an RGB-D camera,100% of the fully visible apples and 82% of the partially occluded apples,,RGB-D,2016
paper_036,"@inproceedings{yaguchi2016development,
  title={Development of an autonomous tomato harvesting robot with rotational plucking gripper},
  author={Yaguchi, Hiroaki and Nagahama, Kotaro and Hasegawa, Takaomi and Inaba, Masayuki},
  booktitle={2016 IEEE/RSJ international conference on intelligent robots and systems (IROS)},
  pages={652--657},
  year={2016},
  organization={IEEE}
}","Yaguchi, H; Nagahama, K; Hasegawa, T; Inaba, M",Development of An Autonomous Tomato Harvesting Robot with Rotational Plucking Gripper,Picking time of 23s,,,2016
paper_037,"@article{bresilla2019single,
  title={Single-shot convolution neural networks for real-time fruit detection within the tree},
  author={Bresilla, Kushtrim and Perulli, Giulio Demetrio and Boini, Alexandra and Morandi, Brunella and Corelli Grappadelli, Luca and Manfrini, Luigi},
  journal={Frontiers in plant science},
  volume={10},
  pages={421226},
  year={2019},
  publisher={Frontiers}
}","Bresilla, K; Perulli, GD; Boini, A; Morandi, B; Grappadelli, LC; Manfrini, L",Single-Shot Convolution Neural Networks for Real-Time Fruit Detection Within the Tree,Over 90\% fruit detection,single-shot CNN,,2019
paper_038,"@article{lin2019guava,
  title={Guava detection and pose estimation using a low-cost RGB-D sensor in the field},
  author={Lin, Guichao and Tang, Yunchao and Zou, Xiangjun and Xiong, Juntao and Li, Jinhui},
  journal={Sensors},
  volume={19},
  number={2},
  pages={428},
  year={2019},
  publisher={MDPI}
}","Lin, GC; Tang, YC; Zou, XJ; Xiong, JT; Li, JH",Guava Detection and Pose Estimation Using a Low-Cost RGB-D Sensor in the Field,"the precision and recall of guava fruit detection were 0.983 and 0.948,execution time of 0.565s",,RGB-D,2019
paper_039,"@article{li2020detection,
  title={Detection of fruit-bearing branches and localization of litchi clusters for vision-based harvesting robots},
  author={Li, Jinhui and Tang, Yunchao and Zou, Xiangjun and Lin, Guichao and Wang, Hongjun},
  journal={IEEE Access},
  volume={8},
  pages={117746--117758},
  year={2020},
  publisher={IEEE}
}","Li, JH; Tang, YC; Zou, XJ; Lin, GC; Wang, HJ",Detection of Fruit-Bearing Branches and Localization of Litchi Clusters for Vision-Based Harvesting Robots,"an accuracy of 83.3\%, detection time of 0.464s",,,2020
paper_040,"@article{zhao2016detecting,
  title={Detecting tomatoes in greenhouse scenes by combining AdaBoost classifier and colour analysis},
  author={Zhao, Yuanshen and Gong, Liang and Zhou, Bin and Huang, Yixiang and Liu, Chengliang},
  journal={Biosystems Engineering},
  volume={148},
  pages={127--137},
  year={2016},
  publisher={Elsevier}
}","Zhao, YS; Gong, L; Zhou, B; Huang, YX; Liu, CL",Detecting tomatoes in greenhouse scenes by combining AdaBoost classifier and colour analysis,over 96% of ripe tomatoes,adaboost classifier and color,,2016
paper_041,"@article{hameed2018comprehensive,
  title={A comprehensive review of fruit and vegetable classification techniques},
  author={Hameed, Khurram and Chai, Douglas and Rassau, Alexander},
  journal={Image and Vision Computing},
  volume={80},
  pages={24--44},
  year={2018},
  publisher={Elsevier}
}","Hameed, K; Chai, D; Rassau, A",A comprehensive review of fruit and vegetable classification techniques,,"SVM,KNN,CNN",,2018
paper_042,"@article{lin2020fruit,
  title={Fruit detection in natural environment using partial shape matching and probabilistic Hough transform},
  author={Lin, Guichao and Tang, Yunchao and Zou, Xiangjun and Cheng, Jiabing and Xiong, Juntao},
  journal={Precision Agriculture},
  volume={21},
  pages={160--177},
  year={2020},
  publisher={Springer}
}","Lin, GC; Tang, YC; Zou, XJ; Cheng, JB; Xiong, JT",Fruit detection in natural environment using partial shape matching and probabilistic Hough transform,,Hough transform,,2020
paper_043,"@article{wei2014automatic,
  title={Automatic method of fruit object extraction under complex agricultural background for vision system of fruit picking robot},
  author={Wei, Xiangqin and Jia, Kun and Lan, Jinhui and Li, Yuwei and Zeng, Yiliang and Wang, Chunmei},
  journal={Optik},
  volume={125},
  number={19},
  pages={5684--5689},
  year={2014},
  publisher={Elsevier}
}","Wei, XQ; Jia, K; Lan, JH; Li, YW; Zeng, YL; Wang, CM",Automatic method of fruit object extraction under complex agricultural background for vision system of fruit picking robot,,,,2014
paper_044,"@article{mohamed2021smart,
  title={Smart farming for improving agricultural management},
  author={Mohamed, Elsayed Said and Belal, AA and Abd-Elmabod, Sameh Kotb and El-Shirbeny, Mohammed A and Gad, A and Zahran, Mohamed B},
  journal={The Egyptian Journal of Remote Sensing and Space Science},
  volume={24},
  number={3},
  pages={971--981},
  year={2021},
  publisher={Elsevier}
}","Mohamed, ES; Belal, A; Abd-Elmabod, SK; El-Shirbeny, MA; Gad, A; Zahran, MB",Smart farming for improving agricultural management,,,,2021
paper_045,"@article{mohamed2021smart,
  title={Smart farming for improving agricultural management},
  author={Mohamed, Elsayed Said and Belal, AA and Abd-Elmabod, Sameh Kotb and El-Shirbeny, Mohammed A and Gad, A and Zahran, Mohamed B},
  journal={The Egyptian Journal of Remote Sensing and Space Science},
  volume={24},
  number={3},
  pages={971--981},
  year={2021},
  publisher={Elsevier}
}","Feng, QC; Zou, W; Fan, PF; Zhang, CF; Wang, X",Design and test of robotic harvesting system for cherry tomato,,,,2018
paper_046,"@article{ampatzidis2017ipathology,
  title={iPathology: robotic applications and management of plants and plant diseases},
  author={Ampatzidis, Yiannis and De Bellis, Luigi and Luvisi, Andrea},
  journal={Sustainability},
  volume={9},
  number={6},
  pages={1010},
  year={2017},
  publisher={MDPI}
}","Ampatzidis, Y; De Bellis, L; Luvisi, A",iPathology: Robotic Applications and Management of Plants and Plant Diseases,,,,2017
paper_047,"@article{birrell2020field,
  title={A field-tested robotic harvesting system for iceberg lettuce},
  author={Birrell, Simon and Hughes, Josie and Cai, Julia Y and Iida, Fumiya},
  journal={Journal of Field Robotics},
  volume={37},
  number={2},
  pages={225--245},
  year={2020},
  publisher={Wiley Online Library}
}","Birrell, S; Hughes, J; Cai, JY; Iida, F",A field-tested robotic harvesting system for iceberg lettuce,,,,2020
paper_048,"@article{tu2020passion,
  title={Passion fruit detection and counting based on multiple scale faster R-CNN using RGB-D images},
  author={Tu, Shuqin and Pang, Jing and Liu, Haofeng and Zhuang, Nan and Chen, Yong and Zheng, Chan and Wan, Hua and Xue, Yueju},
  journal={Precision Agriculture},
  volume={21},
  pages={1072--1091},
  year={2020},
  publisher={Springer}
}","Tu, SQ; Pang, J; Liu, HF; Zhuang, N; Chen, Y; Zheng, C; Wan, H; Xue, YJ",Passion fruit detection and counting based on multiple scale faster R-CNN using RGB-D images,,Faster R-CNN,RGB-D,2020
paper_049,"@article{hariharanautobot,
  title={Autobot for Precision Farming},
  author={Hariharan, Abhishek and Solomon, Nishanth and DevaDharshini, U and Saranghan, M and Vignajeth, KK}
}","Abu Basim, NM; Hariharan, GA; Solomon, N; DevaDharshini, U; Banu, NR; Saranghan, M; Vignajeth, KK",Autobot for Precision Farming,,,,2017
paper_050,"@article{majeed2020deep,
  title={Deep learning based segmentation for automated training of apple trees on trellis wires},
  author={Majeed, Yaqoob and Zhang, Jing and Zhang, Xin and Fu, Longsheng and Karkee, Manoj and Zhang, Qin and Whiting, Matthew D},
  journal={Computers and Electronics in Agriculture},
  volume={170},
  pages={105277},
  year={2020},
  publisher={Elsevier}
}","Majeed, Y; Zhang, J; Zhang, X; Fu, LS; Karkee, M; Zhang, Q; Whiting, MD",Deep learning based segmentation for automated training of apple trees on trellis wires,,,,2020
paper_051,"@article{altaheri2019date,
  title={Date fruit classification for robotic harvesting in a natural environment using deep learning},
  author={Altaheri, Hamdi and Alsulaiman, Mansour and Muhammad, Ghulam},
  journal={IEEE Access},
  volume={7},
  pages={117115--117133},
  year={2019},
  publisher={IEEE}
}","Altaheri, H; Alsulaiman, M; Muhammad, G",Date Fruit Classification for Robotic Harvesting in a Natural Environment Using Deep Learning,,deep learning,,2019
paper_052,"@article{wang2016localisation,
  title={Localisation of litchi in an unstructured environment using binocular stereo vision},
  author={Wang, Chenglin and Zou, Xiangjun and Tang, Yunchao and Luo, Lufeng and Feng, Wenxian},
  journal={Biosystems Engineering},
  volume={145},
  pages={39--51},
  year={2016},
  publisher={Elsevier}
}","Wang, CL; Zou, XJ; Tang, YC; Luo, LF; Feng, WX",Localisation of litchi in an unstructured environment using binocular stereo vision,,,bionocular,2016
paper_053,"@article{si2015location,
  title={Location of apples in trees using stereoscopic vision},
  author={Si, Yongsheng and Liu, Gang and Feng, Juan},
  journal={Computers and Electronics in Agriculture},
  volume={112},
  pages={68--74},
  year={2015},
  publisher={Elsevier}
}","Si, YS; Gang, L; Juan, F",Location of apples in trees using stereoscopic vision,,,3D,2015
paper_054,"@article{samtani2019status,
  title={The status and future of the strawberry industry in the United States},
  author={Samtani, Jayesh B and Rom, Curt R and Friedrich, Heather and Fennimore, Steven A and Finn, Chad E and Petran, Andrew and Wallace, Russell W and Pritts, Marvin P and Fernandez, Gina and Chase, Carlene A and others},
  journal={HortTechnology},
  volume={29},
  number={1},
  pages={11--24},
  year={2019},
  publisher={American Society for Horticultural Science}
}","Samtani, JB; Rom, CR; Friedrich, H; Fennimore, SA; Finn, CE; Petran, A; Wallace, RW; Pritts, MP; Fernandez, G; Chase, CA; Kubota, C; Bergefurd, B",The Status and Future of the Strawberry Industry in the United States,,,,2019
paper_055,"@article{luo2016vision,
  title={Vision-based extraction of spatial information in grape clusters for harvesting robots},
  author={Luo, Lufeng and Tang, Yunchao and Zou, Xiangjun and Ye, Min and Feng, Wenxian and Li, Guoqing},
  journal={Biosystems Engineering},
  volume={151},
  pages={90--104},
  year={2016},
  publisher={Elsevier}
}","Luo, LF; Tang, YC; Zou, XJ; Ye, M; Feng, WX; Li, GQ",Vision-based extraction of spatial information in grape clusters for harvesting robots,,,,2016
paper_056,"@article{luo2018vision,
  title={A vision methodology for harvesting robot to detect cutting points on peduncles of double overlapping grape clusters in a vineyard},
  author={Luo, Lufeng and Tang, Yunchao and Lu, Qinghua and Chen, Xiong and Zhang, Po and Zou, Xiangjun},
  journal={Computers in industry},
  volume={99},
  pages={130--139},
  year={2018},
  publisher={Elsevier}
}","Luo, LF; Tang, YC; Lu, QH; Chen, X; Zhang, P; Zou, XJ",A vision methodology for harvesting robot to detect cutting points on peduncles of double overlapping grape clusters in a vineyard,,,,2018
paper_057,"@article{fu2018kiwifruit,
  title={Kiwifruit detection in field images using Faster R-CNN with ZFNet},
  author={Fu, Longsheng and Feng, Yali and Majeed, Yaqoob and Zhang, Xin and Zhang, Jing and Karkee, Manoj and Zhang, Qin},
  journal={IFAC-PapersOnLine},
  volume={51},
  number={17},
  pages={45--50},
  year={2018},
  publisher={Elsevier}
}","Fu, LS; Feng, YL; Majeed, Y; Zhang, X; Zhang, J; Karkee, M; Zhang, Q",Kiwifruit detection in field images using Faster R-CNN with ZFNet,,Faster R-CNN with ZFNET,,2018
paper_058,"@article{kang2020real,
  title={Real-time fruit recognition and grasping estimation for robotic apple harvesting},
  author={Kang, Hanwen and Zhou, Hongyu and Wang, Xing and Chen, Chao},
  journal={Sensors},
  volume={20},
  number={19},
  pages={5670},
  year={2020},
  publisher={MDPI}
}","Kang, HW; Zhou, HY; Wang, X; Chen, C",Real-Time Fruit Recognition and Grasping Estimation for Robotic Apple Harvesting,,,,2020
paper_059,"@article{barnea2016colour,
  title={Colour-agnostic shape-based 3D fruit detection for crop harvesting robots},
  author={Barnea, Ehud and Mairon, Rotem and Ben-Shahar, Ohad},
  journal={Biosystems Engineering},
  volume={146},
  pages={57--70},
  year={2016},
  publisher={Elsevier}
}","Barnea, E; Mairon, R; Ben-Shahar, O",Colour-agnostic shape-based 3D fruit detection for crop harvesting robots,,,3D,2016
paper_060,"@article{barth2016design,
  title={Design of an eye-in-hand sensing and servo control framework for harvesting robotics in dense vegetation},
  author={Barth, Ruud and Hemming, Jochen and van Henten, Eldert J},
  journal={Biosystems Engineering},
  volume={146},
  pages={71--84},
  year={2016},
  publisher={Elsevier}
}","Barth, R; Hemming, J; van Henten, EJ",Design of an eye-in-hand sensing and servo control framework for harvesting robotics in dense vegetation,,,,2016
paper_061,"@article{lili2017development,
  title={Development of a tomato harvesting robot used in greenhouse},
  author={Lili, Wang and Bo, Zhao and Jinwei, Fan and Xiaoan, Hu and Shu, Wei and Yashuo, Li and Zhou, Qiangbing and Chongfeng, Wei},
  journal={International Journal of Agricultural and Biological Engineering},
  volume={10},
  number={4},
  pages={140--149},
  year={2017}
}","Wang, LL; Zhao, B; Fan, JW; Hu, XA; Wei, S; Li, YS; Zhou, QB; Wei, CF",Development of a tomato harvesting robot used in greenhouse,,,,2017
paper_062,"@article{navas2021soft,
  title={Soft grippers for automatic crop harvesting: A review},
  author={Navas, Eduardo and Fern{\'a}ndez, Roemi and Sep{\'u}lveda, Delia and Armada, Manuel and Gonzalez-de-Santos, Pablo},
  journal={Sensors},
  volume={21},
  number={8},
  pages={2689},
  year={2021},
  publisher={MDPI}
}","Navas, E; Fern¨¢ndez, R; Sep¨²lveda, D; Armada, M; Gonzalez-de-Santos, P",Soft Grippers for Automatic Crop Harvesting: A Review,,,,2021
paper_063,"@article{goel2015fuzzy,
  title={Fuzzy classification of pre-harvest tomatoes for ripeness estimation--An approach based on automatic rule learning using decision tree},
  author={Goel, Nidhi and Sehgal, Priti},
  journal={Applied Soft Computing},
  volume={36},
  pages={45--56},
  year={2015},
  publisher={Elsevier}
}","Goel, N; Sehgal, P",Fuzzy classification of pre-harvest tomatoes for ripeness estimation - An approach based on automatic rule learning using decision tree,,fuzzy classification and desion tree,,2015
paper_064,"@article{zhou2022intelligent,
  title={Intelligent robots for fruit harvesting: Recent developments and future challenges},
  author={Zhou, Hongyu and Wang, Xing and Au, Wesley and Kang, Hanwen and Chen, Chao},
  journal={Precision Agriculture},
  volume={23},
  number={5},
  pages={1856--1907},
  year={2022},
  publisher={Springer}
}","Zhou, HY; Wang, X; Au, W; Kang, HW; Chen, C",Intelligent robots for fruit harvesting: recent developments and future challenges,,,,2022
paper_065,"@article{ling2019dual,
  title={Dual-arm cooperation and implementing for robotic harvesting tomato using binocular vision},
  author={Ling, Xiao and Zhao, Yuanshen and Gong, Liang and Liu, Chengliang and Wang, Tao},
  journal={Robotics and Autonomous Systems},
  volume={114},
  pages={134--143},
  year={2019},
  publisher={Elsevier}
}","Ling, X; Zhao, YS; Gong, L; Liu, CL; Wang, T",Dual-arm cooperation and implementing for robotic harvesting tomato using binocular vision,,,bionocular,2019
paper_066,"@article{luo2016robust,
  title={Robust grape cluster detection in a vineyard by combining the AdaBoost framework and multiple color components},
  author={Luo, Lufeng and Tang, Yunchao and Zou, Xiangjun and Wang, Chenglin and Zhang, Po and Feng, Wenxian},
  journal={Sensors},
  volume={16},
  number={12},
  pages={2098},
  year={2016},
  publisher={MDPI}
}","Luo, LF; Tang, YC; Zou, XJ; Wang, CL; Zhang, P; Feng, WX",Robust Grape Cluster Detection in a Vineyard by Combining the AdaBoost Framework and Multiple Color Components,,,,2016
paper_067,"@article{zhao2016robust,
  title={Robust tomato recognition for robotic harvesting using feature images fusion},
  author={Zhao, Yuanshen and Gong, Liang and Huang, Yixiang and Liu, Chengliang},
  journal={Sensors},
  volume={16},
  number={2},
  pages={173},
  year={2016},
  publisher={MDPI}
}","Zhao, YS; Gong, L; Huang, YX; Liu, CL",Robust Tomato Recognition for Robotic Harvesting Using Feature Images Fusion,,images fusion,,2016
paper_068,"@article{billingsley2008robotics,
  title={Robotics in Agriculture and Forestry.},
  author={Billingsley, John and Visala, Arto and Dunn, Mark},
  journal={Springer handbook of robotics},
  volume={10},
  pages={978--3},
  year={2008}
}","Bergerman, M; Billingsley, J; Reid, J; van Henten, E",Robotics in Agriculture and Forestry,,,,2016
paper_069,"@article{lin2021collision,
  title={Collision-free path planning for a guava-harvesting robot based on recurrent deep reinforcement learning},
  author={Lin, Guichao and Zhu, Lixue and Li, Jinhui and Zou, Xiangjun and Tang, Yunchao},
  journal={Computers and Electronics in Agriculture},
  volume={188},
  pages={106350},
  year={2021},
  publisher={Elsevier}
}","Lin, GC; Zhu, LX; Li, JH; Zou, XJ; Tang, YC",Collision-free path planning for a guava-harvesting robot based on recurrent deep reinforcement learning,,,,2021
paper_070,"@article{yu2020real,
  title={Real-time visual localization of the picking points for a ridge-planting strawberry harvesting robot},
  author={Yu, Yang and Zhang, Kailiang and Liu, Hui and Yang, Li and Zhang, Dongxing},
  journal={Ieee Access},
  volume={8},
  pages={116556--116568},
  year={2020},
  publisher={IEEE}
}","Yu, Y; Zhang, KL; Liu, H; Yang, L; Zhang, DX",Real-Time Visual Localization of the Picking Points for a Ridge-Planting Strawberry Harvesting Robot,,,,2020
paper_071,"@article{onishi2019automated,
  title={An automated fruit harvesting robot by using deep learning},
  author={Onishi, Yuki and Yoshida, Takeshi and Kurita, Hiroki and Fukao, Takanori and Arihara, Hiromu and Iwai, Ayako},
  journal={Robomech Journal},
  volume={6},
  number={1},
  pages={1--8},
  year={2019},
  publisher={Springer}
}","Onishi, Y; Yoshida, T; Kurita, H; Fukao, T; Arihara, H; Iwai, A",An automated fruit harvesting robot by using deep learning,,deep learning,,2019
paper_072,"@article{font2014proposal,
  title={A proposal for automatic fruit harvesting by combining a low cost stereovision camera and a robotic arm},
  author={Font, Davinia and Pallej{\`a}, Tom{\`a}s and Tresanchez, Marcel and Runcan, David and Moreno, Javier and Mart{\'\i}nez, Dani and Teixid{\'o}, Merc{\`e} and Palac{\'\i}n, Jordi},
  journal={Sensors},
  volume={14},
  number={7},
  pages={11557--11579},
  year={2014},
  publisher={MDPI}
}","Font, D; Pallej¨¤, T; Tresanchez, M; Runcan, D; Moreno, J; Mart¨ªnez, D; Teixid¨®, M; Palac¨ªn, J",A Proposal for Automatic Fruit Harvesting by Combining a Low Cost Stereovision Camera and a Robotic Arm,,,3D,2014
paper_073,"@article{sepulveda2020robotic,
  title={Robotic aubergine harvesting using dual-arm manipulation},
  author={Sep{\'u}Lveda, Delia and Fern{\'a}ndez, Roemi and Navas, Eduardo and Armada, Manuel and Gonz{\'a}lez-De-Santos, Pablo},
  journal={IEEE Access},
  volume={8},
  pages={121889--121904},
  year={2020},
  publisher={IEEE}
}","Sep¨²lveda, D; Fern¨¢ndez, R; Navas, E; Armada, M; Gonz¨¢lez-De-Santos, P",Robotic Aubergine Harvesting Using Dual-Arm Manipulation,,,,2020
paper_074,"@article{chu2021deep,
  title={Deep learning-based apple detection using a suppression mask R-CNN},
  author={Chu, Pengyu and Li, Zhaojian and Lammers, Kyle and Lu, Renfu and Liu, Xiaoming},
  journal={Pattern Recognition Letters},
  volume={147},
  pages={206--211},
  year={2021},
  publisher={Elsevier}
}","Chu, PY; Li, ZJ; Lammers, K; Lu, RF; Liu, XM",Deep learning-based apple detection using a suppression mask R-CNN,,Mask-RCNN,,2021
paper_075,"@article{darwin2021recognition,
  title={Recognition of bloom/yield in crop images using deep learning models for smart agriculture: A review},
  author={Darwin, Bini and Dharmaraj, Pamela and Prince, Shajin and Popescu, Daniela Elena and Hemanth, Duraisamy Jude},
  journal={Agronomy},
  volume={11},
  number={4},
  pages={646},
  year={2021},
  publisher={MDPI}
}","Darwin, B; Dharmaraj, P; Prince, S; Popescu, DE; Hemanth, DJ",Recognition of Bloom/Yield in Crop Images Using Deep Learning Models for Smart Agriculture: A Review,,,,2021
paper_076,"@article{qiang2014identification,
  title={Identification of fruit and branch in natural scenes for citrus harvesting robot using machine vision and support vector machine},
  author={Qiang, L{\""u} and Jianrong, Cai and Bin, Liu and Lie, Deng and Yajing, Zhang},
  journal={International Journal of Agricultural and Biological Engineering},
  volume={7},
  number={2},
  pages={115--121},
  year={2014}
}","Qiang, L; Cai, JR; Bin, L; Lie, D; Zhang, YJ",Identification of fruit and branch in natural scenes for citrus harvesting robot using machine vision and support vector machine,,,,2014
paper_077,"@article{magalhaes2021evaluating,
  title={Evaluating the single-shot multibox detector and YOLO deep learning models for the detection of tomatoes in a greenhouse},
  author={Magalh{\~a}es, Sandro Augusto and Castro, Lu{\'\i}s and Moreira, Germano and Dos Santos, Filipe Neves and Cunha, M{\'a}rio and Dias, Jorge and Moreira, Ant{\'o}nio Paulo},
  journal={Sensors},
  volume={21},
  number={10},
  pages={3569},
  year={2021},
  publisher={MDPI}
}","Magalhaes, SA; Castro, L; Moreira, G; dos Santos, FN; Cunha, M; Dias, J; Moreira, AP",Evaluating the Single-Shot MultiBox Detector and YOLO Deep Learning Models for the Detection of Tomatoes in a Greenhouse,,"single-shot, YOLO",,2021
paper_078,"@article{bac2014stem,
  title={Stem localization of sweet-pepper plants using the support wire as a visual cue},
  author={Bac, C Wouter and Hemming, Jochen and Van Henten, Eldert J},
  journal={Computers and electronics in agriculture},
  volume={105},
  pages={111--120},
  year={2014},
  publisher={Elsevier}
}","Bac, CW; Hemming, J; van Henten, EJ",Stem localization of sweet-pepper plants using the support wire as a visual cue,,,,2014
paper_079,"@article{lin2019field,
  title={In-field citrus detection and localisation based on RGB-D image analysis},
  author={Lin, Guichao and Tang, Yunchao and Zou, Xiangjun and Li, Jinhui and Xiong, Juntao},
  journal={Biosystems Engineering},
  volume={186},
  pages={34--44},
  year={2019},
  publisher={Elsevier}
}","Lin, GC; Tang, YC; Zou, XJ; Li, JH; Xiong, JT",In-field citrus detection and localisation based on RGB-D image analysis,,,RGB-D,2019
paper_080,"@article{jia2020apple,
  title={Apple harvesting robot under information technology: A review},
  author={Jia, Weikuan and Zhang, Yan and Lian, Jian and Zheng, Yuanjie and Zhao, Dean and Li, Chengjiang},
  journal={International Journal of Advanced Robotic Systems},
  volume={17},
  number={3},
  pages={1729881420925310},
  year={2020},
  publisher={SAGE Publications Sage UK: London, England}
}","Jia, WK; Zhang, Y; Lian, J; Zheng, YJ; Zhao, D; Li, CJ",Apple harvesting robot under information technology: A review,,,,2020
paper_081,"@article{longsheng2015kiwifruit,
  title={Kiwifruit recognition at nighttime using artificial lighting based on machine vision},
  author={Longsheng, Fu and Bin, Wang and Yongjie, Cui and Shuai, Su and Gejima, Yoshinori and Kobayashi, Taiichi},
  journal={International Journal of Agricultural and Biological Engineering},
  volume={8},
  number={4},
  pages={52--59},
  year={2015}
}","Fu, LS; Wang, B; Cui, YJ; Su, S; Gejima, Y; Kobayashi, T",Kiwifruit recognition at nighttime using artificial lighting based on machine vision,,,,2015
paper_082,"@inproceedings{mendes2016vine,
  title={Vine trunk detector for a reliable robot localization system},
  author={Mendes, Jorge and Dos Santos, Filipe Neves and Ferraz, Nuno and Couto, Pedro and Morais, Raul},
  booktitle={2016 International Conference on Autonomous Robot Systems and Competitions (ICARSC)},
  pages={1--6},
  year={2016},
  organization={IEEE}
}","Mendes, J; dos Santos, FN; Ferraz, N; Couto, P; Morais, R",Vine trunk detector for a reliable robot localization system,,,,2016
paper_083,"@article{zhang2020technology,
  title={Technology progress in mechanical harvest of fresh market apples},
  author={Zhang, Zhao and Igathinathane, C and Li, J and Cen, Haiyan and Lu, Y and Flores, Paulo},
  journal={Computers and Electronics in Agriculture},
  volume={175},
  pages={105606},
  year={2020},
  publisher={Elsevier}
}","Zhang, Z; Igathinathane, C; Li, J; Cen, H; Lu, Y; Flores, P",Technology progress in mechanical harvest of fresh market apples,,,,2020
paper_084,"@article{mao2020automatic,
  title={Automatic cucumber recognition algorithm for harvesting robots in the natural environment using deep learning and multi-feature fusion},
  author={Mao, Shihan and Li, Yuhua and Ma, You and Zhang, Baohua and Zhou, Jun and Wang, Kai},
  journal={Computers and Electronics in Agriculture},
  volume={170},
  pages={105254},
  year={2020},
  publisher={Elsevier}
}","Mao, SH; Li, YH; Ma, Y; Zhang, BH; Zhou, J; Wang, K",Automatic cucumber recognition algorithm for harvesting robots in the natural environment using deep learning and multi-feature fusion,,deep learning,,2020
paper_085,"@article{ge2019fruit,
  title={Fruit localization and environment perception for strawberry harvesting robots},
  author={Ge, Yuanyue and Xiong, Ya and Tenorio, Gabriel Lins and From, P{\aa}l Johan},
  journal={IEEE Access},
  volume={7},
  pages={147642--147652},
  year={2019},
  publisher={IEEE}
}","Ge, YY; Xiong, Y; Tenorio, GL; From, PJ",Fruit Localization and Environment Perception for Strawberry Harvesting Robots,,,,2019
paper_086,"@article{perez2018pattern,
  title={A pattern recognition strategy for visual grape bunch detection in vineyards},
  author={P{\'e}rez-Zavala, Rodrigo and Torres-Torriti, Miguel and Cheein, Fernando Auat and Troni, Giancarlo},
  journal={Computers and Electronics in Agriculture},
  volume={151},
  pages={136--149},
  year={2018},
  publisher={Elsevier}
}","P¨¦rez-Zavala, R; Torres-Torriti, M; Cheein, FA; Troni, G",A pattern recognition strategy for visual grape bunch detection in vineyards,,,,2018
paper_087,"@article{de2018development,
  title={Development of a robot for harvesting strawberries},
  author={De Preter, Andreas and Anthonis, Jan and De Baerdemaeker, Josse},
  journal={IFAC-PapersOnLine},
  volume={51},
  number={17},
  pages={14--19},
  year={2018},
  publisher={Elsevier}
}","De Preter, A; Anthonis, J; De Baerdemaeker, J",Development of a Robot for Harvesting Strawberries,,,,2018
paper_088,"@article{zhang2018deep,
  title={Deep learning based improved classification system for designing tomato harvesting robot},
  author={Zhang, Li and Jia, Jingdun and Gui, Guan and Hao, Xia and Gao, Wanlin and Wang, Minjuan},
  journal={IEEE Access},
  volume={6},
  pages={67940--67950},
  year={2018},
  publisher={IEEE}
}","Zhang, L; Jia, JD; Gui, G; Ha, X; Gao, WL; Wang, MJ",Deep Learning Based Improved Classification System for Designing Tomato Harvesting Robot,,deep learning,,2018
paper_089,"@article{peng2020semantic,
  title={Semantic segmentation of litchi branches using DeepLabV3+ model},
  author={Peng, Hongxing and Xue, Chao and Shao, Yuanyuan and Chen, Keyin and Xiong, Juntao and Xie, Zhihua and Zhang, Liuhong},
  journal={Ieee Access},
  volume={8},
  pages={164546--164555},
  year={2020},
  publisher={IEEE}
}","Peng, HX; Xue, C; Shao, YY; Chen, KY; Xiong, JT; Xie, ZH; Zhang, LH",Semantic Segmentation of Litchi Branches Using DeepLabV3+Model,,deeplabV3,,2020
paper_090,"@article{aravind2017task,
  title={Task-based agricultural mobile robots in arable farming: A review},
  author={Aravind, Krishnaswamy R and Raja, Purushothaman and P{\'e}rez-Ruiz, Manuel},
  journal={Spanish journal of agricultural research},
  volume={15},
  number={1},
  pages={e02R01--e02R01},
  year={2017}
}","Aravind, KR; Raja, P; P¨¦rez-Ruiz, M",Task-based agricultural mobile robots in arable farming: A review,,,,2017
paper_091,"@article{li2016characterizing,
  title={Characterizing apple picking patterns for robotic harvesting},
  author={Li, Jun and Karkee, Manoj and Zhang, Qin and Xiao, Kehui and Feng, Tao},
  journal={Computers and Electronics in Agriculture},
  volume={127},
  pages={633--640},
  year={2016},
  publisher={Elsevier}
}","Li, J; Karkee, M; Zhang, Q; Xiao, KH; Feng, T",Characterizing apple picking patterns for robotic harvesting,,,,2016
paper_092,"@article{li2021novel,
  title={A novel green apple segmentation algorithm based on ensemble U-Net under complex orchard environment},
  author={Li, Qianwen and Jia, Weikuan and Sun, Meili and Hou, Sujuan and Zheng, Yuanjie},
  journal={Computers and Electronics in Agriculture},
  volume={180},
  pages={105900},
  year={2021},
  publisher={Elsevier}
}","Li, QW; Jia, WK; Sun, ML; Hou, SJ; Zheng, YJ",A novel green apple segmentation algorithm based on ensemble U-Net under complex orchard environment,,ensember U-net,,2021
paper_093,"@article{kusumam20173d,
  title={3D-vision based detection, localization, and sizing of broccoli heads in the field},
  author={Kusumam, Keerthy and Krajn{\'\i}k, Tom{\'a}{\v{s}} and Pearson, Simon and Duckett, Tom and Cielniak, Grzegorz},
  journal={Journal of Field Robotics},
  volume={34},
  number={8},
  pages={1505--1518},
  year={2017},
  publisher={Wiley Online Library}
}","Kusumam, K; Krajn¨ªk, T; Pearson, S; Duckett, T; Cielniak, G","3D-vision based detection, localization, and sizing of broccoli heads in the field",,,3D,2017
paper_094,"@article{lytridis2021overview,
  title={An overview of cooperative robotics in agriculture},
  author={Lytridis, Chris and Kaburlasos, Vassilis G and Pachidis, Theodore and Manios, Michalis and Vrochidou, Eleni and Kalampokas, Theofanis and Chatzistamatis, Stamatis},
  journal={Agronomy},
  volume={11},
  number={9},
  pages={1818},
  year={2021},
  publisher={MDPI}
}","Lytridis, C; Kaburlasos, VG; Pachidis, T; Manios, M; Vrochidou, E; Kalampokas, T; Chatzistamatis, S",An Overview of Cooperative Robotics in Agriculture,,,,2021
paper_095,"@inproceedings{xiang2019fruit,
  title={Fruit image classification based on Mobilenetv2 with transfer learning technique},
  author={Xiang, Qian and Wang, Xiaodan and Li, Rui and Zhang, Guoling and Lai, Jie and Hu, Qingshuang},
  booktitle={Proceedings of the 3rd international conference on computer science and application engineering},
  pages={1--7},
  year={2019}
}","Xiang, Q; Wang, XD; Li, R; Zhang, GL; Lai, J; Hu, QS",Fruit Image Classification Based on MobileNetV2 with Transfer Learning Technique,,mobileNetV2 transfer learning,,2019
paper_096,"@article{jun2021towards,
  title={Towards an efficient tomato harvesting robot: 3d perception, manipulation, and end-effector},
  author={Jun, Jongpyo and Kim, Jeongin and Seol, Jaehwi and Kim, Jeongeun and Son, Hyoung Il},
  journal={IEEE access},
  volume={9},
  pages={17631--17640},
  year={2021},
  publisher={IEEE}
}","Jun, J; Kim, J; Seol, J; Kim, J; Il Son, H","Towards an Efficient Tomato Harvesting Robot: 3D Perception, Manipulation, and End-Effector",,,3D,2021
paper_097,"@article{aguiar2020localization,
  title={Localization and mapping for robots in agriculture and forestry: A survey},
  author={Aguiar, Andr{\'e} Silva and Dos Santos, Filipe Neves and Cunha, Jos{\'e} Boaventura and Sobreira, H{\'e}ber and Sousa, Armando Jorge},
  journal={Robotics},
  volume={9},
  number={4},
  pages={97},
  year={2020},
  publisher={MDPI}
}","Aguiar, AS; dos Santos, FN; Cunha, JB; Sobreira, H; Sousa, AJ",Localization and Mapping for Robots in Agriculture and Forestry: A Survey,,,,2020
paper_098,"@article{andujar2016using,
  title={Using depth cameras to extract structural parameters to assess the growth state and yield of cauliflower crops},
  author={Andujar, Dionisio and Ribeiro, Angela and Fern{\'a}ndez-Quintanilla, C{\'e}sar and Dorado, Jose},
  journal={Computers and Electronics in Agriculture},
  volume={122},
  pages={67--73},
  year={2016},
  publisher={Elsevier}
}","And¨²jar, D; Ribeiro, A; Fern¨¢ndez-Quintanilla, C; Dorado, J",Using depth cameras to extract structural parameters to assess the growth state and yield of cauliflower crops,,,3D,2016
paper_099,"@article{horng2019smart,
  title={The smart image recognition mechanism for crop harvesting system in intelligent agriculture},
  author={Horng, Gwo-Jiun and Liu, Min-Xiang and Chen, Chao-Chun},
  journal={IEEE Sensors Journal},
  volume={20},
  number={5},
  pages={2766--2781},
  year={2019},
  publisher={IEEE}
}","Horng, GJ; Liu, MX; Chen, CC",The Smart Image Recognition Mechanism for Crop Harvesting System in Intelligent Agriculture,,,,2020
paper_100,"@article{wang2017robust,
  title={A robust fruit image segmentation algorithm against varying illumination for vision system of fruit harvesting robot},
  author={Wang, Chenglin and Tang, Yunchao and Zou, Xiangjun and SiTu, Weiming and Feng, Wenxian},
  journal={Optik},
  volume={131},
  pages={626--631},
  year={2017},
  publisher={Elsevier}
}","Wang, CL; Tang, YC; Zou, XJ; SiTu, WM; Feng, WX",A robust fruit image segmentation algorithm against varying illumination for vision system of fruit harvesting robot,,,,2017
paper_101,"@article{lu2015detecting,
  title={Detecting citrus fruits and occlusion recovery under natural illumination conditions},
  author={Lu, Jun and Sang, Nong},
  journal={Computers and Electronics in Agriculture},
  volume={110},
  pages={121--130},
  year={2015},
  publisher={Elsevier}
}","Lu, J; Sang, N",Detecting citrus fruits and occlusion recovery under natural illumination conditions,,,,2015
paper_102,"@article{hohimer2019design,
  title={Design and field evaluation of a robotic apple harvesting system with a 3D-printed soft-robotic end-effector},
  author={Hohimer, Cameron J and Wang, Heng and Bhusal, Santosh and Miller, John and Mo, Changki and Karkee, Manoj},
  journal={Transactions of the ASABE},
  volume={62},
  number={2},
  pages={405--414},
  year={2019},
  publisher={American Society of Agricultural and Biological Engineers}
}","Hohimer, CJ; Wang, H; Bhusal, S; Miller, J; Mo, C; Karkee, M",DESIGN AND FIELD EVALUATION OF A ROBOTIC APPLE HARVESTING SYSTEM WITH A 3D-PRINTED SOFT-ROBOTIC END-EFFECTOR,,,,2019
paper_103,"@article{zhang2016development,
  title={The development of mechanical apple harvesting technology: A review},
  author={Zhang, Zhao and Heinemann, Paul H and Liu, Jude and Baugher, Tara A and Schupp, James R},
  journal={Transactions of the ASABE},
  volume={59},
  number={5},
  pages={1165--1180},
  year={2016},
  publisher={American Society of Agricultural and Biological Engineers}
}","Zhang, Z; Heinemann, PH; Liu, J; Baugher, TA; Schupp, JR",THE DEVELOPMENT OF MECHANICAL APPLE HARVESTING TECHNOLOGY: A REVIEW,,,,2016
paper_104,"@article{li2021real,
  title={A real-time table grape detection method based on improved YOLOv4-tiny network in complex background},
  author={Li, Huipeng and Li, Changyong and Li, Guibin and Chen, Lixin},
  journal={Biosystems Engineering},
  volume={212},
  pages={347--359},
  year={2021},
  publisher={Elsevier}
}","Li, HP; Li, CY; Li, GB; Chen, LX",A real-time table grape detection method based on improved YOLOv4-tiny network in complex background,,YOLOv4-tiny,,2021
paper_105,"@article{hemming2014fruit,
  title={Fruit detectability analysis for different camera positions in sweet-pepper},
  author={Hemming, Jochen and Ruizendaal, Jos and Hofstee, Jan Willem and Van Henten, Eldert J},
  journal={Sensors},
  volume={14},
  number={4},
  pages={6032--6044},
  year={2014},
  publisher={MDPI}
}","Hemming, J; Ruizendaal, J; Hofstee, JW; van Henten, EJ",Fruit Detectability Analysis for Different Camera Positions in Sweet-Pepper,,,,2014
paper_106,"@article{pereira2019deep,
  title={Deep learning techniques for grape plant species identification in natural images},
  author={Pereira, Carlos S and Morais, Raul and Reis, Manuel JCS},
  journal={Sensors},
  volume={19},
  number={22},
  pages={4850},
  year={2019},
  publisher={MDPI}
}","Pereira, CS; Morais, R; Reis, MJCS",Deep Learning Techniques for Grape Plant Species Identification in Natural Images,,deep learning,,2019
paper_107,"@article{bac2016analysis,
  title={Analysis of a motion planning problem for sweet-pepper harvesting in a dense obstacle environment},
  author={Bac, C Wouter and Roorda, Tim and Reshef, Roi and Berman, Sigal and Hemming, Jochen and van Henten, Eldert J},
  journal={Biosystems engineering},
  volume={146},
  pages={85--97},
  year={2016},
  publisher={Elsevier}
}","Bac, CW; Roorda, T; Reshef, R; Berman, S; Hemming, J; van Henten, EJ",Analysis of a motion planning problem for sweet-pepper harvesting in a dense obstacle environment,,,,2016
paper_108,"@article{mehta2016robust,
  title={Robust visual servo control in the presence of fruit motion for robotic citrus harvesting},
  author={Mehta, Siddhartha S and MacKunis, William and Burks, Thomas F},
  journal={Computers and Electronics in Agriculture},
  volume={123},
  pages={362--375},
  year={2016},
  publisher={Elsevier}
}","Mehta, SS; MacKunis, W; Burks, TF",Robust visual servo control in the presence of fruit motion for robotic citrus harvesting,,,,2016
paper_109,"@article{williams2020improvements,
  title={Improvements to and large-scale evaluation of a robotic kiwifruit harvester},
  author={Williams, Henry and Ting, Canaan and Nejati, Mahla and Jones, Mark Hedley and Penhall, Nicky and Lim, JongYoon and Seabright, Matthew and Bell, Jamie and Ahn, Ho Seok and Scarfe, Alistair and others},
  journal={Journal of Field Robotics},
  volume={37},
  number={2},
  pages={187--201},
  year={2020},
  publisher={Wiley Online Library}
}","Williams, H; Ting, C; Nejati, M; Jones, MH; Penhall, N; Lim, J; Seabright, M; Bell, J; Ahn, HS; Scarfe, A; Duke, M; MacDonald, B",Improvements to and large-scale evaluation of a robotic kiwifruit harvester,,,,2020
paper_110,"@inproceedings{bormann2018indoor,
  title={Indoor coverage path planning: Survey, implementation, analysis},
  author={Bormann, Richard and Jordan, Florian and Hampp, Joshua and H{\""a}gele, Martin},
  booktitle={2018 IEEE International Conference on Robotics and Automation (ICRA)},
  pages={1718--1725},
  year={2018},
  organization={IEEE}
}","Bormann, R; Jordan, F; Hampp, J; H?gele, M","Indoor Coverage Path Planning: Survey, Implementation, Analysis",,,,2018
paper_111,"@inproceedings{lehnert2016sweet,
  title={Sweet pepper pose detection and grasping for automated crop harvesting},
  author={Lehnert, Christopher and Sa, Inkyu and McCool, Christopher and Upcroft, Ben and Perez, Tristan},
  booktitle={2016 IEEE international conference on robotics and automation (ICRA)},
  pages={2428--2434},
  year={2016},
  organization={IEEE}
}","Lehnert, C; Sa, I; McCool, C; Uperoft, B; Perez, T",Sweet Pepper Pose Detection and Grasping for Automated Crop Harvesting,,,,2016
paper_112,"@article{cubero2014optimised,
  title={Optimised computer vision system for automatic pre-grading of citrus fruit in the field using a mobile platform},
  author={Cubero, Sergio and Aleixos, Nuria and Albert, Francisco and Torregrosa, Antonio and Ortiz, Coral and Garc{\'\i}a-Navarrete, O and Blasco, Jos{\'e}},
  journal={Precision agriculture},
  volume={15},
  pages={80--94},
  year={2014},
  publisher={Springer}
}","Cubero, S; Aleixos, N; Albert, F; Torregrosa, A; Ortiz, C; Garc¨ªa-Navarrete, O; Blasco, J",Optimised computer vision system for automatic pre-grading of citrus fruit in the field using a mobile platform,,,,2014
paper_113,"@article{fue2020extensive,
  title={An extensive review of mobile agricultural robotics for field operations: focus on cotton harvesting},
  author={Fue, Kadeghe G and Porter, Wesley M and Barnes, Edward M and Rains, Glen C},
  journal={AgriEngineering},
  volume={2},
  number={1},
  year={2020},
  publisher={MDPI}
}","Fue, KG; Porter, WM; Barnes, EM; Rains, GC",An Extensive Review of Mobile Agricultural Robotics for Field Operations: Focus on Cotton Harvesting,,,,2020
paper_114,"@article{liu2016method,
  title={A method of segmenting apples at night based on color and position information},
  author={Liu, Xiaoyang and Zhao, Dean and Jia, Weikuan and Ruan, Chengzhi and Tang, Shuping and Shen, Tian},
  journal={Computers and Electronics in Agriculture},
  volume={122},
  pages={118--123},
  year={2016},
  publisher={Elsevier}
}","Liu, XY; Zhao, D; Jia, WK; Ruan, CZ; Tang, SP; Shen, T",A method of segmenting apples at night based on color and position information,,,,2016
paper_115,"@article{tang2023fruit,
  title={Fruit detection and positioning technology for a Camellia oleifera C. Abel orchard based on improved YOLOv4-tiny model and binocular stereo vision},
  author={Tang, Yunchao and Zhou, Hao and Wang, Hongjun and Zhang, Yunqi},
  journal={Expert systems with applications},
  volume={211},
  pages={118573},
  year={2023},
  publisher={Elsevier}
}",,Fruit detection and positioning technology for a Camellia oleifera C. Abel orchard based on improved YOLOv4-tiny model and binocular stereo vision,,YOLOv4-tiny,,2023
paper_116,"@article{ayaz2019internet,
  title={Internet-of-Things (IoT)-based smart agriculture: Toward making the fields talk},
  author={Ayaz, Muhammad and Ammad-Uddin, Mohammad and Sharif, Zubair and Mansour, Ali and Aggoune, El-Hadi M},
  journal={IEEE access},
  volume={7},
  pages={129551--129583},
  year={2019},
  publisher={IEEE}
}",,Internet-of-Things (IoT)-based smart agriculture: Toward making the fields talk,,,,2019
paper_117,"@article{fu2020faster,
  title={Faster R--CNN--based apple detection in dense-foliage fruiting-wall trees using RGB and depth features for robotic harvesting},
  author={Fu, Longsheng and Majeed, Yaqoob and Zhang, Xin and Karkee, Manoj and Zhang, Qin},
  journal={Biosystems Engineering},
  volume={197},
  pages={245--256},
  year={2020},
  publisher={Elsevier}
}",,Faster R¨CCNN¨Cbased apple detection in dense-foliage fruiting-wall trees using RGB and depth features for robotic harvesting,,Faster R-CNN,RGB-D,2020
paper_118,"@article{saleem2021automation,
  title={Automation in agriculture by machine and deep learning techniques: A review of recent developments},
  author={Saleem, Muhammad Hammad and Potgieter, Johan and Arif, Khalid Mahmood},
  journal={Precision Agriculture},
  volume={22},
  number={6},
  pages={2053--2091},
  year={2021},
  publisher={Springer}
}",,Automation in Agriculture by Machine and Deep Learning Techniques: A Review of Recent Developments,,,,2021
paper_119,"@article{dutta2020cleaning,
  title={Cleaning the River Ganga: Impact of lockdown on water quality and future implications on river rejuvenation strategies},
  author={Dutta, Venkatesh and Dubey, Divya and Kumar, Saroj},
  journal={Science of the Total Environment},
  volume={743},
  pages={140756},
  year={2020},
  publisher={Elsevier}
}",,Cleaning the River Ganga: Impact of lockdown on water quality and future implications on river rejuvenation strategies,,,,2020
paper_120,"@article{kang2020fast,
  title={Fast implementation of real-time fruit detection in apple orchards using deep learning},
  author={Kang, Hanwen and Chen, Chao},
  journal={Computers and Electronics in Agriculture},
  volume={168},
  pages={105108},
  year={2020},
  publisher={Elsevier}
}",,Fast implementation of real-time fruit detection in apple orchards using deep learning,,deep learning,,2020
paper_121,"@article{khanal2020remote,
  title={Remote sensing in agriculture¡ªaccomplishments, limitations, and opportunities},
  author={Khanal, Sami and Kc, Kushal and Fulton, John P and Shearer, Scott and Ozkan, Erdal},
  journal={Remote Sensing},
  volume={12},
  number={22},
  pages={3783},
  year={2020},
  publisher={MDPI}
}",,"Remote sensing in agriculture¡ªaccomplishments, limitations, and opportunities",,,,2020
paper_122,"@article{friha2021internet,
  title={Internet of things for the future of smart agriculture: A comprehensive survey of emerging technologies},
  author={Friha, Othmane and Ferrag, Mohamed Amine and Shu, Lei and Maglaras, Leandros and Wang, Xiaochan},
  journal={IEEE/CAA Journal of Automatica Sinica},
  volume={8},
  number={4},
  pages={718--752},
  year={2021},
  publisher={IEEE/CAA Journal of Automatica Sinica}
}",,Internet of Things for the Future of Smart Agriculture: A Comprehensive Survey of Emerging Technologies,,,,2021
paper_123,"@article{gao2020multi,
  title={Multi-class fruit-on-plant detection for apple in SNAP system using Faster R-CNN},
  author={Gao, Fangfang and Fu, Longsheng and Zhang, Xin and Majeed, Yaqoob and Li, Rui and Karkee, Manoj and Zhang, Qin},
  journal={Computers and Electronics in Agriculture},
  volume={176},
  pages={105634},
  year={2020},
  publisher={Elsevier}
}",,Multi-class fruit-on-plant detection for apple in SNAP system using Faster R-CNN,,Faster R-CNN,,2020
paper_124,"@article{sozzi2022automatic,
  title={Automatic bunch detection in white grape varieties using YOLOv3, YOLOv4, and YOLOv5 deep learning algorithms},
  author={Sozzi, Marco and Cantalamessa, Silvia and Cogato, Alessia and Kayad, Ahmed and Marinello, Francesco},
  journal={Agronomy},
  volume={12},
  number={2},
  pages={319},
  year={2022},
  publisher={MDPI}
}",,"Automatic Bunch Detection in White Grape Varieties Using YOLOv3, YOLOv4, and YOLOv5 Deep Learning Algorithms",,"YOLOv3,YOLOv4,YOLOv5",,2022
paper_125,"@article{zhang2020state,
  title={State-of-the-art robotic grippers, grasping and control strategies, as well as their applications in agricultural robots: A review},
  author={Zhang, Baohua and Xie, Yuanxin and Zhou, Jun and Wang, Kai and Zhang, Zhen},
  journal={Computers and Electronics in Agriculture},
  volume={177},
  pages={105694},
  year={2020},
  publisher={Elsevier}
}",,"State-of-the-art robotic grippers, grasping and control strategies, as well as their applications in agricultural robots: A review",,,,2020
paper_126,"@article{gene2019multi,
  title={Multi-modal deep learning for Fuji apple detection using RGB-D cameras and their radiometric capabilities},
  author={Gen{\'e}-Mola, Jordi and Vilaplana, Ver{\'o}nica and Rosell-Polo, Joan R and Morros, Josep-Ramon and Ruiz-Hidalgo, Javier and Gregorio, Eduard},
  journal={Computers and Electronics in Agriculture},
  volume={162},
  pages={689--698},
  year={2019},
  publisher={Elsevier}
}",,Multi-modal deep learning for Fuji apple detection using RGB-D cameras and their radiometric capabilities,,,,2019
paper_127,"@article{sharma2020machine,
  title={Machine learning applications for precision agriculture: A comprehensive review},
  author={Sharma, Abhinav and Jain, Arpit and Gupta, Prateek and Chowdary, Vinay},
  journal={IEEE Access},
  volume={9},
  pages={4843--4873},
  year={2020},
  publisher={IEEE}
}",,Machine Learning Applications for Precision Agriculture: A Comprehensive Review,,,,2021
paper_128,"@article{kang2019fruit,
  title={Fruit detection and segmentation for apple harvesting using visual sensor in orchards},
  author={Kang, Hanwen and Chen, Chao},
  journal={Sensors},
  volume={19},
  number={20},
  pages={4599},
  year={2019},
  publisher={MDPI}
}",,Fruit detection and segmentation for apple harvesting using visual sensor in orchards,,,,2019
paper_129,"@article{luo2020identifying,
  title={Identifying the spatiotemporal changes of annual harvesting areas for three staple crops in China by integrating multi-data sources},
  author={Luo, Yuchuan and Zhang, Zhao and Li, Ziyue and Chen, Yi and Zhang, Liangliang and Cao, Juan and Tao, Fulu},
  journal={Environmental Research Letters},
  volume={15},
  number={7},
  pages={074003},
  year={2020},
  publisher={IOP Publishing}
}",,Identifying the spatiotemporal changes of annual harvesting areas for three staple crops in China by integrating multi-data sources,,,,2020
paper_130,"@article{cubero2016automated,
  title={Automated systems based on machine vision for inspecting citrus fruits from the field to postharvest¡ªa review},
  author={Cubero, Sergio and Lee, Won Suk and Aleixos, Nuria and Albert, Francisco and Blasco, Jose},
  journal={Food and Bioprocess Technology},
  volume={9},
  pages={1623--1639},
  year={2016},
  publisher={Springer}
}",,Automated Systems Based on Machine Vision for Inspecting Citrus Fruits from the Field to Postharvest¡ªa Review,,,,2016
paper_131,"@article{rayhana2020internet,
  title={Internet of things empowered smart greenhouse farming},
  author={Rayhana, Rakiba and Xiao, Gaozhi and Liu, Zheng},
  journal={IEEE journal of radio frequency identification},
  volume={4},
  number={3},
  pages={195--211},
  year={2020},
  publisher={IEEE}
}",,Internet of Things Empowered Smart Greenhouse Farming,,,,2020
paper_132,"@article{pranto2021blockchain,
  title={Blockchain and smart contract for IoT enabled smart agriculture},
  author={Pranto, Tahmid Hasan and Noman, Abdulla All and Mahmud, Atik and Haque, AKM Bahalul},
  journal={PeerJ Computer Science},
  volume={7},
  pages={e407},
  year={2021},
  publisher={PeerJ Inc.}
}",,Blockchain and smart contract for IoT enabled smart agriculture,,,,2021
paper_133,"@article{liu2017research,
  title={Research progress analysis of robotic harvesting technologies in greenhouse},
  author={Liu, JZ},
  journal={Trans. Chin. Soc. Agric. Mach},
  volume={48},
  number={12},
  pages={1--18},
  year={2017}
}",,Research Progress Analysis of Robotic Harvesting Technologies in Greenhouse,,,,2017
paper_134,"@article{gongal2018apple,
  title={Apple fruit size estimation using a 3D machine vision system},
  author={Gongal, A and Karkee, M and Amatya, S},
  journal={Information Processing in Agriculture},
  volume={5},
  number={4},
  pages={498--503},
  year={2018},
  publisher={Elsevier}
}",,Apple fruit size estimation using a 3D machine vision system,,,,2018
paper_135,"@article{Áõ·¼2020»ùÓÚ¸Ä½øÐÍ,
  title={»ùÓÚ¸Ä½øÐÍ YOLO µÄ¸´ÔÓ»·¾³ÏÂ·¬ÇÑ¹ûÊµ¿ìËÙÊ¶±ð·½·¨},
  author={Áõ·¼ and ÁõÓñÀ¤ and ÁÖÉ­ and ¹ùÎÄÖÒ and Ðì·² and ÕÅ°×},
  journal={Å©Òµ»úÐµÑ§±¨},
  volume={51},
  number={6},
  pages={229--237},
  year={2020}
}",,Fast Recognition Method for Tomatoes under Complex Environments Based on Improved YOLO; [»ùÓÚ¸Ä½øÐÍYOLOµÄ¸´ÔÓ»·¾³ÏÂ·¬ÇÑ¹ûÊµ¿ìËÙÊ¶±ð·½·¨],,,,2020
paper_136,"@article{sa2017peduncle,
  title={Peduncle detection of sweet pepper for autonomous crop harvesting¡ªcombined color and 3-D information},
  author={Sa, Inkyu and Lehnert, Chris and English, Andrew and McCool, Chris and Dayoub, Feras and Upcroft, Ben and Perez, Tristan},
  journal={IEEE Robotics and Automation Letters},
  volume={2},
  number={2},
  pages={765--772},
  year={2017},
  publisher={IEEE}
}",,Peduncle Detection of Sweet Pepper for Autonomous Crop Harvesting-Combined Color and 3-D Information,,,,2017
paper_137,"@article{mu2020design,
  title={Design and simulation of an integrated end-effector for picking kiwifruit by robot},
  author={Mu, Longtao and Cui, Gongpei and Liu, Yadong and Cui, Yongjie and Fu, Longsheng and Gejima, Yoshinori},
  journal={Information Processing in Agriculture},
  volume={7},
  number={1},
  pages={58--71},
  year={2020},
  publisher={Elsevier}
}",,Design and simulation of an integrated end-effector for picking kiwifruit by robot,,,,2020
paper_138,"@article{fu2018image,
  title={Image recognition method of multi-cluster kiwifruit in field based on convolutional neural networks},
  author={Fu, Longsheng and Feng, Yali and Elkamil, Tola and Liu, Zhihao and Li, Rui and Cui, Yongjie},
  journal={Transactions of the Chinese Society of Agricultural Engineering},
  volume={34},
  number={2},
  pages={205--211},
  year={2018},
  publisher={Editorial Office of Transactions of the Chinese Society of Agricultural~¡­}
}",,Image recognition method of multi-cluster kiwifruit in field based on convolutional neural networks,,,,2018
paper_139,"@article{peng2018general,
  title={General improved SSD model for picking object recognition of multiple fruits in natural environment.},
  author={Peng, HongXing and Huang, Bo and Shao, YuanYuan and Li, ZeSen and Zhang, ChaoWu and Chen, Yan and Xiong, JunTao and others},
  journal={Transactions of the Chinese Society of Agricultural Engineering},
  volume={34},
  number={16},
  pages={155--162},
  year={2018},
  publisher={Chinese Society of Agricultural Engineering}
}",,General improved SSD model for picking object recognition of multiple fruits in natural environment; [×ÔÈ»»·¾³ÏÂ¶àÀàË®¹û²ÉÕªÄ¿±êÊ¶±ðµÄÍ¨ÓÃ¸Ä½øSSDÄ£ÐÍ],,,,2018
paper_140,"@article{lalander2015vermicomposting,
  title={Vermicomposting as manure management strategy for urban small-holder animal farms--Kampala case study},
  author={Lalander, Cecilia Helena and Komakech, Allan John and Vinner{\aa}s, Bj{\""o}rn},
  journal={Waste management},
  volume={39},
  pages={96--103},
  year={2015},
  publisher={Elsevier}
}",,Vermicomposting as manure management strategy for urban small-holder animal farms - Kampala case study,,,,2015
paper_141,"@article{narvaez2017survey,
  title={A survey of ranging and imaging techniques for precision agriculture phenotyping},
  author={Narvaez, Francisco Yandun and Reina, Giulio and Torres-Torriti, Miguel and Kantor, George and Cheein, Fernando Auat},
  journal={IEEE/ASME Transactions on Mechatronics},
  volume={22},
  number={6},
  pages={2428--2439},
  year={2017},
  publisher={IEEE}
}",,A survey of ranging and imaging techniques for precision agriculture phenotyping,,,,2017
paper_142,"@article{kirk2020b,
  title={L* a* b* fruits: A rapid and robust outdoor fruit detection system combining bio-inspired features with one-stage deep learning networks},
  author={Kirk, Raymond and Cielniak, Grzegorz and Mangan, Michael},
  journal={Sensors},
  volume={20},
  number={1},
  pages={275},
  year={2020},
  publisher={MDPI}
}",,L*a*b*Fruits: A rapid and robust outdoor fruit detection system combining bio-inspired features with one-stage deep learning networks,,,,2020
paper_143,"@article{martos2021ensuring,
  title={Ensuring agricultural sustainability through remote sensing in the era of agriculture 5.0},
  author={Martos, Vanesa and Ahmad, Ali and Cartujo, Pedro and Ordo{\~n}ez, Javier},
  journal={Applied Sciences},
  volume={11},
  number={13},
  pages={5911},
  year={2021},
  publisher={MDPI}
}",,Ensuring agricultural sustainability through remote sensing in the era of agriculture 5.0,,,,2021
paper_144,"@article{napoli2019phytoextraction,
  title={Phytoextraction of copper from a contaminated soil using arable and vegetable crops},
  author={Napoli, Marco and Cecchi, Stefano and Grassi, Chiara and Baldi, Ada and Zanchi, Camillo A and Orlandini, Simone},
  journal={Chemosphere},
  volume={219},
  pages={122--129},
  year={2019},
  publisher={Elsevier}
}",,Phytoextraction of copper from a contaminated soil using arable and vegetable crops,,,,2019
paper_145,"@article{wang2017research,
  title={Research advance on vision system of apple picking robot},
  author={Wang, Dandan and Song, Huaibo and He, Dongjian},
  journal={Transactions of the Chinese Society of Agricultural Engineering},
  volume={33},
  number={10},
  pages={59--69},
  year={2017},
  publisher={Editorial Office of Transactions of the Chinese Society of Agricultural~¡­}
}",,Research advance on vision system of apple picking robot,,,,2017
paper_146,"@article{gene2019fruit,
  title={Fruit detection in an apple orchard using a mobile terrestrial laser scanner},
  author={Gen{\'e}-Mola, Jordi and Gregorio, Eduard and Guevara, Javier and Auat, Fernando and Sanz-Cortiella, Ricardo and Escol{\`a}, Alexandre and Llorens, Jordi and Morros, Josep-Ramon and Ruiz-Hidalgo, Javier and Vilaplana, Ver{\'o}nica and others},
  journal={Biosystems engineering},
  volume={187},
  pages={171--184},
  year={2019},
  publisher={Elsevier}
}",,Fruit detection in an apple orchard using a mobile terrestrial laser scanner,,,,2019
paper_147,"@article{koenig2015comparative,
  title={Comparative classification analysis of post-harvest growth detection from terrestrial LiDAR point clouds in precision agriculture},
  author={Koenig, Kristina and H{\""o}fle, Bernhard and H{\""a}mmerle, Martin and Jarmer, Thomas and Siegmann, Bastian and Lilienthal, Holger},
  journal={ISPRS journal of photogrammetry and remote sensing},
  volume={104},
  pages={112--125},
  year={2015},
  publisher={Elsevier}
}",,Comparative classification analysis of post-harvest growth detection from terrestrial LiDAR point clouds in precision agriculture,,,,2015
paper_148,"@article{mu2020intact,
  title={Intact detection of highly occluded immature tomatoes on plants using deep learning techniques},
  author={Mu, Yue and Chen, Tai-Shen and Ninomiya, Seishi and Guo, Wei},
  journal={Sensors},
  volume={20},
  number={10},
  pages={2984},
  year={2020},
  publisher={MDPI}
}",,Intact detection of highly occluded immature tomatoes on plants using deep learning techniques,,,,2020
paper_149,"@article{sumesh2021integration,
  title={Integration of RGB-based vegetation index, crop surface model and object-based image analysis approach for sugarcane yield estimation using unmanned aerial vehicle},
  author={Sumesh, KC and Ninsawat, Sarawut and Som-Ard, Jaturong},
  journal={Computers and Electronics in Agriculture},
  volume={180},
  pages={105903},
  year={2021},
  publisher={Elsevier}
}",,"Integration of RGB-based vegetation index, crop surface model and object-based image analysis approach for sugarcane yield estimation using unmanned aerial vehicle",,,,2021
paper_150,"@article{liu2019mature,
  title={A mature-tomato detection algorithm using machine learning and color analysis},
  author={Liu, Guoxu and Mao, Shuyi and Kim, Jae Ho},
  journal={Sensors},
  volume={19},
  number={9},
  pages={2023},
  year={2019},
  publisher={MDPI}
}",,A mature-tomato detection algorithm using machine learning and color analysis,,,,2019
paper_151,"@article{ÐÜ¿¡ÌÎ2020»ùÓÚ¸Ä½ø,
  title={»ùÓÚ¸Ä½ø YOLO v3 ÍøÂçµÄÒ¹¼ä»·¾³¸ÌéÙÊ¶±ð·½·¨},
  author={ÐÜ¿¡ÌÎ and Ö£Õò»Ô and Áº¼Î¶÷ and ÖÓ×Æ and Áõ°ØÁÖ and Ëï±¦Ï¼},
  journal={Å©Òµ»úÐµÑ§±¨},
  volume={51},
  number={4},
  pages={199--206},
  year={2020}
}",,Citrus Detection Method in Night Environment Based on Improved YOLO v3 Network; [»ùÓÚ¸Ä½øYOLO v3ÍøÂçµÄÒ¹¼ä»·¾³¸ÌéÙÊ¶±ð·½·¨],,,,2020
paper_152,"@article{longsheng2015development,
  title={Development and experiment of end-effector for kiwifruit harvesting robot},
  author={Longsheng, Fu and Fanian, Zhang and Yoshinori, Gejima and Zhen, Li and Bin, Wang and Yongjie, Cui},
  journal={Nongye Jixie Xuebao/transactions of the Chinese Society of Agricultural Machinery},
  volume={46},
  number={3},
  year={2015}
}",,Development and experiment of end-effector for kiwifruit harvesting robot,,,,2015
paper_153,"@article{visconti2020development,
  title={Development of sensors-based agri-food traceability system remotely managed by a software platform for optimized farm management},
  author={Visconti, Paolo and de Fazio, Roberto and Vel{\'a}zquez, Ramiro and Del-Valle-Soto, Carolina and Giannoccaro, Nicola Ivan},
  journal={Sensors},
  volume={20},
  number={13},
  pages={3632},
  year={2020},
  publisher={MDPI}
}",,Development of sensors-based agri-food traceability system remotely managed by a software platform for optimized farm management,,,,2020
paper_154,"@article{mahmud2020robotics,
  title={Robotics and automation in agriculture: present and future applications},
  author={Mahmud, Mohd Saiful Azimi and Abidin, Mohamad Shukri Zainal and Emmanuel, Abioye Abiodun and Hasan, Hameedah Sahib},
  journal={Applications of Modelling and Simulation},
  volume={4},
  pages={130--140},
  year={2020}
}",,Robotics and Automation in Agriculture: Present and Future Applications,,,,2020
paper_155,"@article{mark2019ethics,
  title={Ethics of using AI and big data in agriculture: The case of a large agriculture multinational},
  author={Mark, Ryan},
  journal={The ORBIT Journal},
  volume={2},
  number={2},
  pages={1--27},
  year={2019},
  publisher={Elsevier}
}",Ryan Mark,Ethics of Using AI and Big Data in Agriculture: The Case of a Large Agriculture Multinational,,,,2019
paper_156,"@article{goel2015fuzzy,
  title={Fuzzy classification of pre-harvest tomatoes for ripeness estimation--An approach based on automatic rule learning using decision tree},
  author={Goel, Nidhi and Sehgal, Priti},
  journal={Applied Soft Computing},
  volume={36},
  pages={45--56},
  year={2015},
  publisher={Elsevier}
}",Nidhi Goel and Priti Sehgal,Fuzzy classification of pre-harvest tomatoes for ripeness estimation ¨C An approach based on automatic rule learning using decision tree,,,,2015
paper_157,"@article{vasconez2019human,
  title={Human--robot interaction in agriculture: A survey and current challenges},
  author={Vasconez, Juan P and Kantor, George A and Cheein, Fernando A Auat},
  journal={Biosystems engineering},
  volume={179},
  pages={35--48},
  year={2019},
  publisher={Elsevier}
}",Juan P. Vasconez and George A. Kantor and Fernando A. {Auat Cheein},Human¨Crobot interaction in agriculture: A survey and current challenges,,,,2019
paper_158,"@article{pourdarbani2020automatic,
  title={Automatic non-destructive video estimation of maturation levels in Fuji apple (Malus Malus pumila) fruit in orchard based on colour (Vis) and spectral (NIR) data},
  author={Pourdarbani, Razieh and Sabzi, Sajad and Kalantari, Davood and Karimzadeh, Rouhollah and Ilbeygi, Elham and Arribas, Juan I},
  journal={Biosystems Engineering},
  volume={195},
  pages={136--151},
  year={2020},
  publisher={Elsevier}
}",Razieh Pourdarbani and Sajad Sabzi and Davood Kalantari and Rouhollah Karimzadeh and Elham Ilbeygi and Juan I. Arribas,Automatic non-destructive video estimation of maturation levels in Fuji apple (Malus Malus pumila) fruit in orchard based on colour (Vis) and spectral (NIR) data,,,,2020
paper_159,"@article{hameed2018comprehensive,
  title={A comprehensive review of fruit and vegetable classification techniques},
  author={Hameed, Khurram and Chai, Douglas and Rassau, Alexander},
  journal={Image and Vision Computing},
  volume={80},
  pages={24--44},
  year={2018},
  publisher={Elsevier}
}",Khurram Hameed and Douglas Chai and Alexander Rassau,A comprehensive review of fruit and vegetable classification?techniques,,,,2018
